"Email","Status","Timestamp"
"kudzai.chikwanda1@micrlabs.onmicrosoft.com","Success","2026-03-28 20:54:51"
"tinashe.phiri2@micrlabs.onmicrosoft.com","Success","2026-03-28 20:54:52"
"kudzai.zimba3@micrlabs.onmicrosoft.com","Success","2026-03-28 20:54:53"
"thandi.nkomo4@micrlabs.onmicrosoft.com","Success","2026-03-28 20:54:53"
"kudzai.ncube5@micrlabs.onmicrosoft.com","Success","2026-03-28 20:54:54"
"nompilo.chirwa6@micrlabs.onmicrosoft.com","Success","2026-03-28 20:54:54"
"simba.tembo7@micrlabs.onmicrosoft.com","Success","2026-03-28 20:54:55"
"tatenda.nkomo8@micrlabs.onmicrosoft.com","Success","2026-03-28 20:54:56"
"rudo.dube9@micrlabs.onmicrosoft.com","Success","2026-03-28 20:54:56"
"simba.banda10@micrlabs.onmicrosoft.com","Success","2026-03-28 20:54:57"
"sifiso.sithole11@micrlabs.onmicrosoft.com","Success","2026-03-28 20:54:58"
"sibusiso.chikwanda12@micrlabs.onmicrosoft.com","Success","2026-03-28 20:54:58"
"zanele.sithole13@micrlabs.onmicrosoft.com","Success","2026-03-28 20:54:59"
"thandi.mpofu14@micrlabs.onmicrosoft.com","Success","2026-03-28 20:55:00"
"tendai.banda15@micrlabs.onmicrosoft.com","Success","2026-03-28 20:55:00"
"sifiso.chirwa16@micrlabs.onmicrosoft.com","Success","2026-03-28 20:55:01"
"tsitsi.mpofu17@micrlabs.onmicrosoft.com","Success","2026-03-28 20:55:02"
"rudo.chirwa18@micrlabs.onmicrosoft.com","Success","2026-03-28 20:55:02"
"chiedza.ncube19@micrlabs.onmicrosoft.com","Success","2026-03-28 20:55:03"
"munyaradzi.tembo20@micrlabs.onmicrosoft.com","Success","2026-03-28 20:55:04"
"nompilo.mpofu21@micrlabs.onmicrosoft.com","Success","2026-03-28 20:55:04"
"tinashe.dube22@micrlabs.onmicrosoft.com","Success","2026-03-28 20:55:05"
"nompilo.chikwanda23@micrlabs.onmicrosoft.com","Success","2026-03-28 20:55:05"
"kudzai.mutasa24@micrlabs.onmicrosoft.com","Success","2026-03-28 20:55:06"
"tsitsi.ncube25@micrlabs.onmicrosoft.com","Success","2026-03-28 20:55:07"
"zanele.mutasa26@micrlabs.onmicrosoft.com","Success","2026-03-28 20:55:07"
"lungelo.gumbo27@micrlabs.onmicrosoft.com","Success","2026-03-28 20:55:08"
"takudzwa.gumbo28@micrlabs.onmicrosoft.com","Success","2026-03-28 20:55:09"
"sibusiso.gumbo29@micrlabs.onmicrosoft.com","Success","2026-03-28 20:55:09"
"tendai.chirwa30@micrlabs.onmicrosoft.com","Success","2026-03-28 20:55:10"
"tatenda.mutasa31@micrlabs.onmicrosoft.com","Success","2026-03-28 20:55:11"
"chiedza.gumbo32@micrlabs.onmicrosoft.com","Success","2026-03-28 20:55:11"
"rudo.mutasa33@micrlabs.onmicrosoft.com","Success","2026-03-28 20:55:12"
"zanele.gumbo34@micrlabs.onmicrosoft.com","Success","2026-03-28 20:55:12"
"nkosi.dube35@micrlabs.onmicrosoft.com","Success","2026-03-28 20:55:13"
"nkosi.mhlanga36@micrlabs.onmicrosoft.com","Success","2026-03-28 20:55:14"
"tatenda.chirwa37@micrlabs.onmicrosoft.com","Success","2026-03-28 20:55:14"
"chiedza.gumbo38@micrlabs.onmicrosoft.com","Success","2026-03-28 20:55:15"
"sifiso.sithole39@micrlabs.onmicrosoft.com","Success","2026-03-28 20:55:15"
"takudzwa.zimba40@micrlabs.onmicrosoft.com","Success","2026-03-28 20:55:16"
"sifiso.mutasa41@micrlabs.onmicrosoft.com","Success","2026-03-28 20:55:17"
"sifiso.phiri42@micrlabs.onmicrosoft.com","Success","2026-03-28 20:55:17"
"nomvula.chirwa43@micrlabs.onmicrosoft.com","Success","2026-03-28 20:55:18"
"bongani.nkomo44@micrlabs.onmicrosoft.com","Success","2026-03-28 20:55:18"
"bongani.tembo45@micrlabs.onmicrosoft.com","Success","2026-03-28 20:55:19"
"bongani.dube46@micrlabs.onmicrosoft.com","Success","2026-03-28 20:55:20"
"zanele.phiri47@micrlabs.onmicrosoft.com","Success","2026-03-28 20:55:20"
"nompilo.chikwanda48@micrlabs.onmicrosoft.com","Success","2026-03-28 20:55:21"
"bongani.chikwanda49@micrlabs.onmicrosoft.com","Success","2026-03-28 20:55:22"
"munyaradzi.zimba50@micrlabs.onmicrosoft.com","Success","2026-03-28 20:55:22"
"nompilo.moyo51@micrlabs.onmicrosoft.com","Success","2026-03-28 20:55:23"
"bongani.chikwanda52@micrlabs.onmicrosoft.com","Success","2026-03-28 20:55:24"
"munyaradzi.sithole53@micrlabs.onmicrosoft.com","Success","2026-03-28 20:55:24"
"lungelo.mpofu54@micrlabs.onmicrosoft.com","Success","2026-03-28 20:55:25"
"nyasha.moyo55@micrlabs.onmicrosoft.com","Success","2026-03-28 20:55:26"
"tinashe.mpofu56@micrlabs.onmicrosoft.com","Success","2026-03-28 20:55:26"
"thandi.nkomo57@micrlabs.onmicrosoft.com","Success","2026-03-28 20:55:27"
"tsitsi.moyo58@micrlabs.onmicrosoft.com","Success","2026-03-28 20:55:28"
"chiedza.tembo59@micrlabs.onmicrosoft.com","Success","2026-03-28 20:55:28"
"zanele.zimba60@micrlabs.onmicrosoft.com","Success","2026-03-28 20:55:29"
"lungelo.chirwa61@micrlabs.onmicrosoft.com","Success","2026-03-28 20:55:29"
"nompilo.zimba62@micrlabs.onmicrosoft.com","Success","2026-03-28 20:55:30"
"nyasha.sithole63@micrlabs.onmicrosoft.com","Success","2026-03-28 20:55:30"
"thandi.gumbo64@micrlabs.onmicrosoft.com","Success","2026-03-28 20:55:31"
"kudzai.banda65@micrlabs.onmicrosoft.com","Success","2026-03-28 20:55:32"
"lungelo.banda66@micrlabs.onmicrosoft.com","Success","2026-03-28 20:55:33"
"bongani.ncube67@micrlabs.onmicrosoft.com","Success","2026-03-28 20:55:34"
"sibusiso.mhlanga68@micrlabs.onmicrosoft.com","Success","2026-03-28 20:55:34"
"simba.chikwanda69@micrlabs.onmicrosoft.com","Success","2026-03-28 20:55:35"
"nompilo.banda70@micrlabs.onmicrosoft.com","Success","2026-03-28 20:55:35"
"tsitsi.chirwa71@micrlabs.onmicrosoft.com","Success","2026-03-28 20:55:36"
"simba.zimba72@micrlabs.onmicrosoft.com","Success","2026-03-28 20:55:37"
"tendai.mpofu73@micrlabs.onmicrosoft.com","Success","2026-03-28 20:55:37"
"nkosi.mpofu74@micrlabs.onmicrosoft.com","Success","2026-03-28 20:55:38"
"sibusiso.phiri75@micrlabs.onmicrosoft.com","Success","2026-03-28 20:55:39"
"nompilo.ncube76@micrlabs.onmicrosoft.com","Success","2026-03-28 20:55:39"
"munyaradzi.tembo77@micrlabs.onmicrosoft.com","Success","2026-03-28 20:55:40"
"farai.banda78@micrlabs.onmicrosoft.com","Success","2026-03-28 20:55:40"
"lungelo.zimba79@micrlabs.onmicrosoft.com","Success","2026-03-28 20:55:41"
"nyasha.ncube80@micrlabs.onmicrosoft.com","Success","2026-03-28 20:55:42"
"sifiso.moyo81@micrlabs.onmicrosoft.com","Success","2026-03-28 20:55:42"
"nompilo.gumbo82@micrlabs.onmicrosoft.com","Success","2026-03-28 20:55:43"
"sibusiso.mpofu83@micrlabs.onmicrosoft.com","Success","2026-03-28 20:55:44"
"sifiso.mhlanga84@micrlabs.onmicrosoft.com","Success","2026-03-28 20:55:44"
"rudo.nkomo85@micrlabs.onmicrosoft.com","Success","2026-03-28 20:55:45"
"nomvula.banda86@micrlabs.onmicrosoft.com","Success","2026-03-28 20:55:45"
"tsitsi.zimba87@micrlabs.onmicrosoft.com","Success","2026-03-28 20:55:46"
"nyasha.moyo88@micrlabs.onmicrosoft.com","Success","2026-03-28 20:55:47"
"kudzai.dube89@micrlabs.onmicrosoft.com","Success","2026-03-28 20:55:48"
"takudzwa.mhlanga90@micrlabs.onmicrosoft.com","Success","2026-03-28 20:55:48"
"tendai.chirwa91@micrlabs.onmicrosoft.com","Success","2026-03-28 20:55:49"
"nomvula.tembo92@micrlabs.onmicrosoft.com","Success","2026-03-28 20:55:49"
"simba.zimba93@micrlabs.onmicrosoft.com","Success","2026-03-28 20:55:50"
"nomvula.mpofu94@micrlabs.onmicrosoft.com","Success","2026-03-28 20:55:51"
"chiedza.banda95@micrlabs.onmicrosoft.com","Success","2026-03-28 20:55:51"
"munyaradzi.mhlanga96@micrlabs.onmicrosoft.com","Success","2026-03-28 20:55:52"
"nkosi.sithole97@micrlabs.onmicrosoft.com","Success","2026-03-28 20:55:52"
"bongani.chirwa98@micrlabs.onmicrosoft.com","Success","2026-03-28 20:55:53"
"nompilo.moyo99@micrlabs.onmicrosoft.com","Success","2026-03-28 20:55:54"
"simba.gumbo100@micrlabs.onmicrosoft.com","Success","2026-03-28 20:55:54"
"lungelo.nkomo101@micrlabs.onmicrosoft.com","Success","2026-03-28 20:55:55"
"sibusiso.nkomo102@micrlabs.onmicrosoft.com","Success","2026-03-28 20:55:55"
"sibusiso.chirwa103@micrlabs.onmicrosoft.com","Success","2026-03-28 20:55:56"
"thandi.chirwa104@micrlabs.onmicrosoft.com","Success","2026-03-28 20:55:57"
"munyaradzi.banda105@micrlabs.onmicrosoft.com","Success","2026-03-28 20:55:57"
"nyasha.sithole106@micrlabs.onmicrosoft.com","Success","2026-03-28 20:55:58"
"sibusiso.chirwa107@micrlabs.onmicrosoft.com","Success","2026-03-28 20:55:58"
"sibusiso.chirwa108@micrlabs.onmicrosoft.com","Success","2026-03-28 20:55:59"
"chiedza.mhlanga109@micrlabs.onmicrosoft.com","Success","2026-03-28 20:56:00"
"nomvula.dube110@micrlabs.onmicrosoft.com","Success","2026-03-28 20:56:00"
"nkosi.dube111@micrlabs.onmicrosoft.com","Success","2026-03-28 20:56:01"
"nyasha.phiri112@micrlabs.onmicrosoft.com","Success","2026-03-28 20:56:02"
"sifiso.zimba113@micrlabs.onmicrosoft.com","Success","2026-03-28 20:56:02"
"farai.chikwanda114@micrlabs.onmicrosoft.com","Success","2026-03-28 20:56:03"
"sibusiso.nkomo115@micrlabs.onmicrosoft.com","Success","2026-03-28 20:56:03"
"nompilo.zimba116@micrlabs.onmicrosoft.com","Success","2026-03-28 20:56:04"
"chiedza.mhlanga117@micrlabs.onmicrosoft.com","Success","2026-03-28 20:56:05"
"munyaradzi.mutasa118@micrlabs.onmicrosoft.com","Success","2026-03-28 20:56:05"
"tsitsi.phiri119@micrlabs.onmicrosoft.com","Success","2026-03-28 20:56:06"
"bongani.nkomo120@micrlabs.onmicrosoft.com","Success","2026-03-28 20:56:06"
"farai.chikwanda121@micrlabs.onmicrosoft.com","Success","2026-03-28 20:56:07"
"farai.tembo122@micrlabs.onmicrosoft.com","Success","2026-03-28 20:56:07"
"thandi.tembo123@micrlabs.onmicrosoft.com","Success","2026-03-28 20:56:08"
"rudo.banda124@micrlabs.onmicrosoft.com","Success","2026-03-28 20:56:09"
"sibusiso.chikwanda125@micrlabs.onmicrosoft.com","Success","2026-03-28 20:56:09"
"tinashe.chikwanda126@micrlabs.onmicrosoft.com","Success","2026-03-28 20:56:10"
"farai.zimba127@micrlabs.onmicrosoft.com","Success","2026-03-28 20:56:11"
"nkosi.banda128@micrlabs.onmicrosoft.com","Success","2026-03-28 20:56:11"
"nkosi.mutasa129@micrlabs.onmicrosoft.com","Success","2026-03-28 20:56:12"
"sifiso.phiri130@micrlabs.onmicrosoft.com","Success","2026-03-28 20:56:12"
"takudzwa.mutasa131@micrlabs.onmicrosoft.com","Success","2026-03-28 20:56:13"
"tendai.ncube132@micrlabs.onmicrosoft.com","Success","2026-03-28 20:56:14"
"nomvula.banda133@micrlabs.onmicrosoft.com","Success","2026-03-28 20:56:14"
"nompilo.banda134@micrlabs.onmicrosoft.com","Success","2026-03-28 20:56:15"
"nyasha.gumbo135@micrlabs.onmicrosoft.com","Success","2026-03-28 20:56:15"
"takudzwa.tembo136@micrlabs.onmicrosoft.com","Success","2026-03-28 20:56:16"
"lungelo.gumbo137@micrlabs.onmicrosoft.com","Success","2026-03-28 20:56:17"
"sibusiso.phiri138@micrlabs.onmicrosoft.com","Success","2026-03-28 20:56:17"
"thandi.chirwa139@micrlabs.onmicrosoft.com","Success","2026-03-28 20:56:18"
"tendai.tembo140@micrlabs.onmicrosoft.com","Success","2026-03-28 20:56:19"
"takudzwa.chikwanda141@micrlabs.onmicrosoft.com","Success","2026-03-28 20:56:19"
"rudo.mhlanga142@micrlabs.onmicrosoft.com","Success","2026-03-28 20:56:20"
"nomvula.dube143@micrlabs.onmicrosoft.com","Success","2026-03-28 20:56:21"
"nyasha.sithole144@micrlabs.onmicrosoft.com","Success","2026-03-28 20:56:21"
"takudzwa.chirwa145@micrlabs.onmicrosoft.com","Success","2026-03-28 20:56:22"
"tinashe.nkomo146@micrlabs.onmicrosoft.com","Success","2026-03-28 20:56:23"
"rudo.ncube147@micrlabs.onmicrosoft.com","Success","2026-03-28 20:56:23"
"lungelo.gumbo148@micrlabs.onmicrosoft.com","Success","2026-03-28 20:56:24"
"takudzwa.gumbo149@micrlabs.onmicrosoft.com","Success","2026-03-28 20:56:24"
"kudzai.banda150@micrlabs.onmicrosoft.com","Success","2026-03-28 20:56:25"
"rudo.mpofu151@micrlabs.onmicrosoft.com","Success","2026-03-28 20:56:26"
"tendai.phiri152@micrlabs.onmicrosoft.com","Success","2026-03-28 20:56:26"
"tendai.chirwa153@micrlabs.onmicrosoft.com","Success","2026-03-28 20:56:27"
"thandi.tembo154@micrlabs.onmicrosoft.com","Success","2026-03-28 20:56:28"
"tatenda.mutasa155@micrlabs.onmicrosoft.com","Success","2026-03-28 20:56:28"
"chiedza.tembo156@micrlabs.onmicrosoft.com","Success","2026-03-28 20:56:29"
"zanele.zimba157@micrlabs.onmicrosoft.com","Success","2026-03-28 20:56:29"
"thandi.ncube158@micrlabs.onmicrosoft.com","Success","2026-03-28 20:56:30"
"nompilo.mutasa159@micrlabs.onmicrosoft.com","Success","2026-03-28 20:56:31"
"lungelo.ncube160@micrlabs.onmicrosoft.com","Success","2026-03-28 20:56:31"
"kudzai.mhlanga161@micrlabs.onmicrosoft.com","Success","2026-03-28 20:56:32"
"tatenda.dube162@micrlabs.onmicrosoft.com","Success","2026-03-28 20:56:33"
"sifiso.sithole163@micrlabs.onmicrosoft.com","Success","2026-03-28 20:56:33"
"sifiso.mutasa164@micrlabs.onmicrosoft.com","Success","2026-03-28 20:56:34"
"thandi.tembo165@micrlabs.onmicrosoft.com","Success","2026-03-28 20:56:34"
"nomvula.gumbo166@micrlabs.onmicrosoft.com","Success","2026-03-28 20:56:35"
"nomvula.tembo167@micrlabs.onmicrosoft.com","Success","2026-03-28 20:56:36"
"tinashe.nkomo168@micrlabs.onmicrosoft.com","Success","2026-03-28 20:56:36"
"rudo.zimba169@micrlabs.onmicrosoft.com","Success","2026-03-28 20:56:37"
"nyasha.banda170@micrlabs.onmicrosoft.com","Success","2026-03-28 20:56:37"
"simba.dube171@micrlabs.onmicrosoft.com","Success","2026-03-28 20:56:38"
"rudo.mpofu172@micrlabs.onmicrosoft.com","Success","2026-03-28 20:56:38"
"farai.chirwa173@micrlabs.onmicrosoft.com","Success","2026-03-28 20:56:39"
"bongani.nkomo174@micrlabs.onmicrosoft.com","Success","2026-03-28 20:56:40"
"thandi.banda175@micrlabs.onmicrosoft.com","Success","2026-03-28 20:56:40"
"lungelo.tembo176@micrlabs.onmicrosoft.com","Success","2026-03-28 20:56:41"
"sibusiso.chikwanda177@micrlabs.onmicrosoft.com","Success","2026-03-28 20:56:42"
"lungelo.mpofu178@micrlabs.onmicrosoft.com","Success","2026-03-28 20:56:42"
"zanele.banda179@micrlabs.onmicrosoft.com","Success","2026-03-28 20:56:43"
"zanele.moyo180@micrlabs.onmicrosoft.com","Success","2026-03-28 20:56:44"
"tsitsi.phiri181@micrlabs.onmicrosoft.com","Success","2026-03-28 20:56:44"
"chiedza.zimba182@micrlabs.onmicrosoft.com","Success","2026-03-28 20:56:45"
"tatenda.moyo183@micrlabs.onmicrosoft.com","Success","2026-03-28 20:56:46"
"lungelo.dube184@micrlabs.onmicrosoft.com","Success","2026-03-28 20:56:46"
"nompilo.mhlanga185@micrlabs.onmicrosoft.com","Success","2026-03-28 20:56:47"
"thandi.chirwa186@micrlabs.onmicrosoft.com","Success","2026-03-28 20:56:47"
"tendai.mpofu187@micrlabs.onmicrosoft.com","Success","2026-03-28 20:56:48"
"munyaradzi.phiri188@micrlabs.onmicrosoft.com","Success","2026-03-28 20:56:49"
"zanele.zimba189@micrlabs.onmicrosoft.com","Success","2026-03-28 20:56:49"
"bongani.mpofu190@micrlabs.onmicrosoft.com","Success","2026-03-28 20:56:50"
"nompilo.mutasa191@micrlabs.onmicrosoft.com","Success","2026-03-28 20:56:50"
"lungelo.nkomo192@micrlabs.onmicrosoft.com","Success","2026-03-28 20:56:51"
"bongani.mpofu193@micrlabs.onmicrosoft.com","Success","2026-03-28 20:56:52"
"tatenda.chirwa194@micrlabs.onmicrosoft.com","Success","2026-03-28 20:56:52"
"tatenda.phiri195@micrlabs.onmicrosoft.com","Success","2026-03-28 20:56:53"
"thandi.chirwa196@micrlabs.onmicrosoft.com","Success","2026-03-28 20:56:54"
"munyaradzi.gumbo197@micrlabs.onmicrosoft.com","Success","2026-03-28 20:56:54"
"tatenda.chikwanda198@micrlabs.onmicrosoft.com","Success","2026-03-28 20:56:55"
"simba.banda199@micrlabs.onmicrosoft.com","Success","2026-03-28 20:56:56"
"thandi.sithole200@micrlabs.onmicrosoft.com","Success","2026-03-28 20:56:56"
"sibusiso.dube201@micrlabs.onmicrosoft.com","Success","2026-03-28 20:56:57"
"thandi.sithole202@micrlabs.onmicrosoft.com","Success","2026-03-28 20:56:58"
"munyaradzi.chirwa203@micrlabs.onmicrosoft.com","Success","2026-03-28 20:56:58"
"bongani.mpofu204@micrlabs.onmicrosoft.com","Success","2026-03-28 20:56:59"
"tinashe.chirwa205@micrlabs.onmicrosoft.com","Success","2026-03-28 20:56:59"
"simba.gumbo206@micrlabs.onmicrosoft.com","Success","2026-03-28 20:57:00"
"sibusiso.gumbo207@micrlabs.onmicrosoft.com","Success","2026-03-28 20:57:01"
"nkosi.zimba208@micrlabs.onmicrosoft.com","Success","2026-03-28 20:57:01"
"chiedza.gumbo209@micrlabs.onmicrosoft.com","Success","2026-03-28 20:57:02"
"sifiso.banda210@micrlabs.onmicrosoft.com","Success","2026-03-28 20:57:02"
"zanele.dube211@micrlabs.onmicrosoft.com","Success","2026-03-28 20:57:03"
"bongani.mpofu212@micrlabs.onmicrosoft.com","Success","2026-03-28 20:57:04"
"tinashe.ncube213@micrlabs.onmicrosoft.com","Success","2026-03-28 20:57:04"
"simba.mpofu214@micrlabs.onmicrosoft.com","Success","2026-03-28 20:57:05"
"bongani.chikwanda215@micrlabs.onmicrosoft.com","Success","2026-03-28 20:57:06"
"zanele.banda216@micrlabs.onmicrosoft.com","Success","2026-03-28 20:57:06"
"nomvula.chikwanda217@micrlabs.onmicrosoft.com","Success","2026-03-28 20:57:07"
"simba.zimba218@micrlabs.onmicrosoft.com","Success","2026-03-28 20:57:07"
"lungelo.ncube219@micrlabs.onmicrosoft.com","Success","2026-03-28 20:57:08"
"tsitsi.tembo220@micrlabs.onmicrosoft.com","Success","2026-03-28 20:57:09"
"kudzai.ncube221@micrlabs.onmicrosoft.com","Success","2026-03-28 20:57:09"
"sifiso.banda222@micrlabs.onmicrosoft.com","Success","2026-03-28 20:57:10"
"bongani.mutasa223@micrlabs.onmicrosoft.com","Success","2026-03-28 20:57:11"
"nomvula.mpofu224@micrlabs.onmicrosoft.com","Success","2026-03-28 20:57:11"
"nompilo.tembo225@micrlabs.onmicrosoft.com","Success","2026-03-28 20:57:12"
"simba.chirwa226@micrlabs.onmicrosoft.com","Success","2026-03-28 20:57:13"
"nomvula.mhlanga227@micrlabs.onmicrosoft.com","Success","2026-03-28 20:57:13"
"nkosi.moyo228@micrlabs.onmicrosoft.com","Success","2026-03-28 20:57:14"
"chiedza.gumbo229@micrlabs.onmicrosoft.com","Success","2026-03-28 20:57:15"
"takudzwa.zimba230@micrlabs.onmicrosoft.com","Success","2026-03-28 20:57:15"
"munyaradzi.zimba231@micrlabs.onmicrosoft.com","Success","2026-03-28 20:57:16"
"simba.gumbo232@micrlabs.onmicrosoft.com","Success","2026-03-28 20:57:16"
"farai.gumbo233@micrlabs.onmicrosoft.com","Success","2026-03-28 20:57:17"
"rudo.dube234@micrlabs.onmicrosoft.com","Success","2026-03-28 20:57:18"
"nkosi.ncube235@micrlabs.onmicrosoft.com","Success","2026-03-28 20:57:18"
"nompilo.mpofu236@micrlabs.onmicrosoft.com","Success","2026-03-28 20:57:19"
"chiedza.chikwanda237@micrlabs.onmicrosoft.com","Success","2026-03-28 20:57:19"
"nompilo.mutasa238@micrlabs.onmicrosoft.com","Success","2026-03-28 20:57:20"
"tatenda.ncube239@micrlabs.onmicrosoft.com","Success","2026-03-28 20:57:21"
"sibusiso.tembo240@micrlabs.onmicrosoft.com","Success","2026-03-28 20:57:21"
"thandi.banda241@micrlabs.onmicrosoft.com","Success","2026-03-28 20:57:22"
"kudzai.chirwa242@micrlabs.onmicrosoft.com","Success","2026-03-28 20:57:22"
"lungelo.banda243@micrlabs.onmicrosoft.com","Success","2026-03-28 20:57:23"
"lungelo.dube244@micrlabs.onmicrosoft.com","Success","2026-03-28 20:57:24"
"thandi.mhlanga245@micrlabs.onmicrosoft.com","Success","2026-03-28 20:57:24"
"bongani.banda246@micrlabs.onmicrosoft.com","Success","2026-03-28 20:57:25"
"rudo.chirwa247@micrlabs.onmicrosoft.com","Success","2026-03-28 20:57:25"
"zanele.moyo248@micrlabs.onmicrosoft.com","Success","2026-03-28 20:57:26"
"tendai.sithole249@micrlabs.onmicrosoft.com","Success","2026-03-28 20:57:27"
"tatenda.ncube250@micrlabs.onmicrosoft.com","Success","2026-03-28 20:57:27"
"nkosi.banda251@micrlabs.onmicrosoft.com","Success","2026-03-28 20:57:28"
"lungelo.banda252@micrlabs.onmicrosoft.com","Success","2026-03-28 20:57:28"
"rudo.moyo253@micrlabs.onmicrosoft.com","Success","2026-03-28 20:57:29"
"simba.dube254@micrlabs.onmicrosoft.com","Success","2026-03-28 20:57:30"
"nkosi.tembo255@micrlabs.onmicrosoft.com","Success","2026-03-28 20:57:30"
"tsitsi.ncube256@micrlabs.onmicrosoft.com","Success","2026-03-28 20:57:31"
"sifiso.sithole257@micrlabs.onmicrosoft.com","Success","2026-03-28 20:57:31"
"tendai.dube258@micrlabs.onmicrosoft.com","Success","2026-03-28 20:57:32"
"tsitsi.zimba259@micrlabs.onmicrosoft.com","Success","2026-03-28 20:57:33"
"takudzwa.mhlanga260@micrlabs.onmicrosoft.com","Success","2026-03-28 20:57:34"
"sifiso.chirwa261@micrlabs.onmicrosoft.com","Success","2026-03-28 20:57:34"
"nkosi.chikwanda262@micrlabs.onmicrosoft.com","Success","2026-03-28 20:57:35"
"zanele.mhlanga263@micrlabs.onmicrosoft.com","Success","2026-03-28 20:57:36"
"rudo.mhlanga264@micrlabs.onmicrosoft.com","Success","2026-03-28 20:57:36"
"kudzai.sithole265@micrlabs.onmicrosoft.com","Success","2026-03-28 20:57:37"
"tatenda.sithole266@micrlabs.onmicrosoft.com","Success","2026-03-28 20:57:37"
"farai.nkomo267@micrlabs.onmicrosoft.com","Success","2026-03-28 20:57:38"
"bongani.nkomo268@micrlabs.onmicrosoft.com","Success","2026-03-28 20:57:39"
"munyaradzi.phiri269@micrlabs.onmicrosoft.com","Success","2026-03-28 20:57:39"
"kudzai.banda270@micrlabs.onmicrosoft.com","Success","2026-03-28 20:57:40"
"thandi.mutasa271@micrlabs.onmicrosoft.com","Success","2026-03-28 20:57:40"
"chiedza.chirwa272@micrlabs.onmicrosoft.com","Success","2026-03-28 20:57:41"
"kudzai.gumbo273@micrlabs.onmicrosoft.com","Success","2026-03-28 20:57:42"
"nomvula.moyo274@micrlabs.onmicrosoft.com","Success","2026-03-28 20:57:42"
"tinashe.banda275@micrlabs.onmicrosoft.com","Success","2026-03-28 20:57:43"
"nomvula.banda276@micrlabs.onmicrosoft.com","Success","2026-03-28 20:57:43"
"munyaradzi.nkomo277@micrlabs.onmicrosoft.com","Success","2026-03-28 20:57:44"
"lungelo.tembo278@micrlabs.onmicrosoft.com","Success","2026-03-28 20:57:45"
"chiedza.sithole279@micrlabs.onmicrosoft.com","Success","2026-03-28 20:57:45"
"nkosi.mhlanga280@micrlabs.onmicrosoft.com","Success","2026-03-28 20:57:46"
"nyasha.zimba281@micrlabs.onmicrosoft.com","Success","2026-03-28 20:57:47"
"sifiso.mutasa282@micrlabs.onmicrosoft.com","Success","2026-03-28 20:57:47"
"tatenda.gumbo283@micrlabs.onmicrosoft.com","Success","2026-03-28 20:57:48"
"sibusiso.chikwanda284@micrlabs.onmicrosoft.com","Success","2026-03-28 20:57:49"
"sifiso.tembo285@micrlabs.onmicrosoft.com","Success","2026-03-28 20:57:49"
"nomvula.ncube286@micrlabs.onmicrosoft.com","Success","2026-03-28 20:57:50"
"takudzwa.dube287@micrlabs.onmicrosoft.com","Success","2026-03-28 20:57:50"
"zanele.ncube288@micrlabs.onmicrosoft.com","Success","2026-03-28 20:57:51"
"takudzwa.dube289@micrlabs.onmicrosoft.com","Success","2026-03-28 20:57:51"
"tinashe.moyo290@micrlabs.onmicrosoft.com","Success","2026-03-28 20:57:52"
"takudzwa.mpofu291@micrlabs.onmicrosoft.com","Success","2026-03-28 20:57:53"
"tinashe.nkomo292@micrlabs.onmicrosoft.com","Success","2026-03-28 20:57:53"
"sibusiso.phiri293@micrlabs.onmicrosoft.com","Success","2026-03-28 20:57:54"
"bongani.tembo294@micrlabs.onmicrosoft.com","Success","2026-03-28 20:57:54"
"takudzwa.moyo295@micrlabs.onmicrosoft.com","Success","2026-03-28 20:57:55"
"nompilo.moyo296@micrlabs.onmicrosoft.com","Success","2026-03-28 20:57:55"
"nompilo.tembo297@micrlabs.onmicrosoft.com","Success","2026-03-28 20:57:56"
"tinashe.chikwanda298@micrlabs.onmicrosoft.com","Success","2026-03-28 20:57:57"
"farai.nkomo299@micrlabs.onmicrosoft.com","Success","2026-03-28 20:57:57"
"nyasha.chikwanda300@micrlabs.onmicrosoft.com","Success","2026-03-28 20:57:58"
"takudzwa.dube301@micrlabs.onmicrosoft.com","Success","2026-03-28 20:57:58"
"munyaradzi.mhlanga302@micrlabs.onmicrosoft.com","Success","2026-03-28 20:57:59"
"tatenda.mhlanga303@micrlabs.onmicrosoft.com","Success","2026-03-28 20:58:00"
"sibusiso.moyo304@micrlabs.onmicrosoft.com","Success","2026-03-28 20:58:00"
"tatenda.banda305@micrlabs.onmicrosoft.com","Success","2026-03-28 20:58:01"
"takudzwa.mpofu306@micrlabs.onmicrosoft.com","Success","2026-03-28 20:58:02"
"nompilo.zimba307@micrlabs.onmicrosoft.com","Success","2026-03-28 20:58:03"
"munyaradzi.nkomo308@micrlabs.onmicrosoft.com","Success","2026-03-28 20:58:04"
"nomvula.moyo309@micrlabs.onmicrosoft.com","Success","2026-03-28 20:58:04"
"farai.ncube310@micrlabs.onmicrosoft.com","Success","2026-03-28 20:58:05"
"nomvula.dube311@micrlabs.onmicrosoft.com","Success","2026-03-28 20:58:06"
"tsitsi.mpofu312@micrlabs.onmicrosoft.com","Success","2026-03-28 20:58:06"
"tsitsi.mpofu313@micrlabs.onmicrosoft.com","Success","2026-03-28 20:58:07"
"nkosi.moyo314@micrlabs.onmicrosoft.com","Success","2026-03-28 20:58:07"
"sifiso.sithole315@micrlabs.onmicrosoft.com","Success","2026-03-28 20:58:08"
"nomvula.tembo316@micrlabs.onmicrosoft.com","Success","2026-03-28 20:58:09"
"thandi.tembo317@micrlabs.onmicrosoft.com","Success","2026-03-28 20:58:09"
"tsitsi.mutasa318@micrlabs.onmicrosoft.com","Success","2026-03-28 20:58:10"
"takudzwa.mutasa319@micrlabs.onmicrosoft.com","Success","2026-03-28 20:58:11"
"takudzwa.chikwanda320@micrlabs.onmicrosoft.com","Success","2026-03-28 20:58:11"
"sifiso.mutasa321@micrlabs.onmicrosoft.com","Success","2026-03-28 20:58:12"
"nkosi.mutasa322@micrlabs.onmicrosoft.com","Success","2026-03-28 20:58:12"
"nompilo.tembo323@micrlabs.onmicrosoft.com","Success","2026-03-28 20:58:13"
"munyaradzi.tembo324@micrlabs.onmicrosoft.com","Success","2026-03-28 20:58:14"
"nomvula.moyo325@micrlabs.onmicrosoft.com","Success","2026-03-28 20:58:14"
"sibusiso.banda326@micrlabs.onmicrosoft.com","Success","2026-03-28 20:58:15"
"takudzwa.gumbo327@micrlabs.onmicrosoft.com","Success","2026-03-28 20:58:15"
"farai.nkomo328@micrlabs.onmicrosoft.com","Success","2026-03-28 20:58:16"
"zanele.zimba329@micrlabs.onmicrosoft.com","Success","2026-03-28 20:58:17"
"chiedza.nkomo330@micrlabs.onmicrosoft.com","Success","2026-03-28 20:58:17"
"tendai.zimba331@micrlabs.onmicrosoft.com","Success","2026-03-28 20:58:18"
"munyaradzi.phiri332@micrlabs.onmicrosoft.com","Success","2026-03-28 20:58:18"
"munyaradzi.dube333@micrlabs.onmicrosoft.com","Success","2026-03-28 20:58:19"
"zanele.gumbo334@micrlabs.onmicrosoft.com","Success","2026-03-28 20:58:20"
"sifiso.dube335@micrlabs.onmicrosoft.com","Success","2026-03-28 20:58:20"
"kudzai.banda336@micrlabs.onmicrosoft.com","Success","2026-03-28 20:58:21"
"farai.chikwanda337@micrlabs.onmicrosoft.com","Success","2026-03-28 20:58:21"
"nyasha.mpofu338@micrlabs.onmicrosoft.com","Success","2026-03-28 20:58:22"
"rudo.tembo339@micrlabs.onmicrosoft.com","Success","2026-03-28 20:58:23"
"tinashe.moyo340@micrlabs.onmicrosoft.com","Success","2026-03-28 20:58:23"
"tendai.moyo341@micrlabs.onmicrosoft.com","Success","2026-03-28 20:58:24"
"sibusiso.chikwanda342@micrlabs.onmicrosoft.com","Success","2026-03-28 20:58:24"
"sifiso.phiri343@micrlabs.onmicrosoft.com","Success","2026-03-28 20:58:25"
"tinashe.chikwanda344@micrlabs.onmicrosoft.com","Success","2026-03-28 20:58:26"
"thandi.mpofu345@micrlabs.onmicrosoft.com","Success","2026-03-28 20:58:26"
"thandi.chirwa346@micrlabs.onmicrosoft.com","Success","2026-03-28 20:58:27"
"farai.phiri347@micrlabs.onmicrosoft.com","Success","2026-03-28 20:58:28"
"thandi.chikwanda348@micrlabs.onmicrosoft.com","Success","2026-03-28 20:58:28"
"zanele.chikwanda349@micrlabs.onmicrosoft.com","Success","2026-03-28 20:58:29"
"tendai.gumbo350@micrlabs.onmicrosoft.com","Success","2026-03-28 20:58:29"
"thandi.banda351@micrlabs.onmicrosoft.com","Success","2026-03-28 20:58:30"
"zanele.chikwanda352@micrlabs.onmicrosoft.com","Success","2026-03-28 20:58:31"
"takudzwa.mhlanga353@micrlabs.onmicrosoft.com","Success","2026-03-28 20:58:31"
"bongani.nkomo354@micrlabs.onmicrosoft.com","Success","2026-03-28 20:58:32"
"sifiso.banda355@micrlabs.onmicrosoft.com","Success","2026-03-28 20:58:32"
"tendai.moyo356@micrlabs.onmicrosoft.com","Success","2026-03-28 20:58:33"
"chiedza.mhlanga357@micrlabs.onmicrosoft.com","Success","2026-03-28 20:58:34"
"nompilo.mutasa358@micrlabs.onmicrosoft.com","Success","2026-03-28 20:58:34"
"kudzai.moyo359@micrlabs.onmicrosoft.com","Success","2026-03-28 20:58:35"
"tendai.ncube360@micrlabs.onmicrosoft.com","Success","2026-03-28 20:58:36"
"nomvula.mpofu361@micrlabs.onmicrosoft.com","Success","2026-03-28 20:58:36"
"sibusiso.phiri362@micrlabs.onmicrosoft.com","Success","2026-03-28 20:58:37"
"takudzwa.tembo363@micrlabs.onmicrosoft.com","Success","2026-03-28 20:58:38"
"tatenda.chirwa364@micrlabs.onmicrosoft.com","Success","2026-03-28 20:58:38"
"rudo.chirwa365@micrlabs.onmicrosoft.com","Success","2026-03-28 20:58:39"
"lungelo.nkomo366@micrlabs.onmicrosoft.com","Success","2026-03-28 20:58:39"
"lungelo.gumbo367@micrlabs.onmicrosoft.com","Success","2026-03-28 20:58:40"
"sifiso.banda368@micrlabs.onmicrosoft.com","Success","2026-03-28 20:58:41"
"kudzai.tembo369@micrlabs.onmicrosoft.com","Success","2026-03-28 20:58:41"
"tsitsi.zimba370@micrlabs.onmicrosoft.com","Success","2026-03-28 20:58:42"
"nkosi.ncube371@micrlabs.onmicrosoft.com","Success","2026-03-28 20:58:43"
"munyaradzi.chirwa372@micrlabs.onmicrosoft.com","Success","2026-03-28 20:58:43"
"tendai.gumbo373@micrlabs.onmicrosoft.com","Success","2026-03-28 20:58:44"
"thandi.moyo374@micrlabs.onmicrosoft.com","Success","2026-03-28 20:58:44"
"nyasha.banda375@micrlabs.onmicrosoft.com","Success","2026-03-28 20:58:45"
"tsitsi.sithole376@micrlabs.onmicrosoft.com","Success","2026-03-28 20:58:46"
"nyasha.mutasa377@micrlabs.onmicrosoft.com","Success","2026-03-28 20:58:46"
"takudzwa.mutasa378@micrlabs.onmicrosoft.com","Success","2026-03-28 20:58:47"
"nomvula.mhlanga379@micrlabs.onmicrosoft.com","Success","2026-03-28 20:58:48"
"nyasha.mhlanga380@micrlabs.onmicrosoft.com","Success","2026-03-28 20:58:48"
"nompilo.chirwa381@micrlabs.onmicrosoft.com","Success","2026-03-28 20:58:49"
"zanele.nkomo382@micrlabs.onmicrosoft.com","Success","2026-03-28 20:58:49"
"sifiso.sithole383@micrlabs.onmicrosoft.com","Success","2026-03-28 20:58:50"
"munyaradzi.sithole384@micrlabs.onmicrosoft.com","Success","2026-03-28 20:58:51"
"tinashe.sithole385@micrlabs.onmicrosoft.com","Success","2026-03-28 20:58:51"
"sibusiso.nkomo386@micrlabs.onmicrosoft.com","Success","2026-03-28 20:58:52"
"nkosi.phiri387@micrlabs.onmicrosoft.com","Success","2026-03-28 20:58:52"
"thandi.dube388@micrlabs.onmicrosoft.com","Success","2026-03-28 20:58:53"
"bongani.phiri389@micrlabs.onmicrosoft.com","Success","2026-03-28 20:58:54"
"tatenda.tembo390@micrlabs.onmicrosoft.com","Success","2026-03-28 20:58:54"
"kudzai.mpofu391@micrlabs.onmicrosoft.com","Success","2026-03-28 20:58:55"
"nkosi.zimba392@micrlabs.onmicrosoft.com","Success","2026-03-28 20:58:56"
"farai.gumbo393@micrlabs.onmicrosoft.com","Success","2026-03-28 20:58:56"
"kudzai.mutasa394@micrlabs.onmicrosoft.com","Success","2026-03-28 20:58:57"
"bongani.gumbo395@micrlabs.onmicrosoft.com","Success","2026-03-28 20:58:57"
"chiedza.chirwa396@micrlabs.onmicrosoft.com","Success","2026-03-28 20:58:58"
"sibusiso.zimba397@micrlabs.onmicrosoft.com","Success","2026-03-28 20:58:59"
"rudo.gumbo398@micrlabs.onmicrosoft.com","Success","2026-03-28 20:58:59"
"tinashe.chirwa399@micrlabs.onmicrosoft.com","Success","2026-03-28 20:59:00"
"kudzai.chirwa400@micrlabs.onmicrosoft.com","Success","2026-03-28 20:59:00"
"tsitsi.mhlanga401@micrlabs.onmicrosoft.com","Success","2026-03-28 20:59:01"
"tendai.tembo402@micrlabs.onmicrosoft.com","Success","2026-03-28 20:59:02"
"sibusiso.chikwanda403@micrlabs.onmicrosoft.com","Success","2026-03-28 20:59:02"
"zanele.chikwanda404@micrlabs.onmicrosoft.com","Success","2026-03-28 20:59:03"
"tatenda.moyo405@micrlabs.onmicrosoft.com","Success","2026-03-28 20:59:03"
"munyaradzi.gumbo406@micrlabs.onmicrosoft.com","Success","2026-03-28 20:59:04"
"tendai.nkomo407@micrlabs.onmicrosoft.com","Success","2026-03-28 20:59:05"
"sibusiso.mpofu408@micrlabs.onmicrosoft.com","Success","2026-03-28 20:59:05"
"tinashe.mutasa409@micrlabs.onmicrosoft.com","Success","2026-03-28 20:59:06"
"nomvula.moyo410@micrlabs.onmicrosoft.com","Success","2026-03-28 20:59:07"
"nompilo.banda411@micrlabs.onmicrosoft.com","Success","2026-03-28 20:59:07"
"simba.mpofu412@micrlabs.onmicrosoft.com","Success","2026-03-28 20:59:08"
"bongani.gumbo413@micrlabs.onmicrosoft.com","Success","2026-03-28 20:59:08"
"tsitsi.tembo414@micrlabs.onmicrosoft.com","Success","2026-03-28 20:59:09"
"simba.dube415@micrlabs.onmicrosoft.com","Success","2026-03-28 20:59:10"
"tinashe.nkomo416@micrlabs.onmicrosoft.com","Success","2026-03-28 20:59:10"
"nompilo.gumbo417@micrlabs.onmicrosoft.com","Success","2026-03-28 20:59:11"
"zanele.sithole418@micrlabs.onmicrosoft.com","Success","2026-03-28 20:59:11"
"lungelo.mhlanga419@micrlabs.onmicrosoft.com","Success","2026-03-28 20:59:12"
"chiedza.phiri420@micrlabs.onmicrosoft.com","Success","2026-03-28 20:59:12"
"lungelo.tembo421@micrlabs.onmicrosoft.com","Success","2026-03-28 20:59:13"
"farai.sithole422@micrlabs.onmicrosoft.com","Success","2026-03-28 20:59:14"
"nkosi.gumbo423@micrlabs.onmicrosoft.com","Success","2026-03-28 20:59:14"
"nomvula.mpofu424@micrlabs.onmicrosoft.com","Success","2026-03-28 20:59:15"
"nompilo.sithole425@micrlabs.onmicrosoft.com","Success","2026-03-28 20:59:16"
"tsitsi.ncube426@micrlabs.onmicrosoft.com","Success","2026-03-28 20:59:16"
"zanele.zimba427@micrlabs.onmicrosoft.com","Success","2026-03-28 20:59:17"
"sibusiso.zimba428@micrlabs.onmicrosoft.com","Success","2026-03-28 20:59:17"
"bongani.moyo429@micrlabs.onmicrosoft.com","Success","2026-03-28 20:59:18"
"sifiso.mutasa430@micrlabs.onmicrosoft.com","Success","2026-03-28 20:59:19"
"sifiso.nkomo431@micrlabs.onmicrosoft.com","Success","2026-03-28 20:59:19"
"lungelo.nkomo432@micrlabs.onmicrosoft.com","Success","2026-03-28 20:59:20"
"tinashe.phiri433@micrlabs.onmicrosoft.com","Success","2026-03-28 20:59:20"
"farai.banda434@micrlabs.onmicrosoft.com","Success","2026-03-28 20:59:21"
"zanele.chikwanda435@micrlabs.onmicrosoft.com","Success","2026-03-28 20:59:22"
"bongani.moyo436@micrlabs.onmicrosoft.com","Success","2026-03-28 20:59:22"
"chiedza.chikwanda437@micrlabs.onmicrosoft.com","Success","2026-03-28 20:59:23"
"simba.chikwanda438@micrlabs.onmicrosoft.com","Success","2026-03-28 20:59:24"
"sifiso.sithole439@micrlabs.onmicrosoft.com","Success","2026-03-28 20:59:24"
"zanele.mhlanga440@micrlabs.onmicrosoft.com","Success","2026-03-28 20:59:25"
"nompilo.gumbo441@micrlabs.onmicrosoft.com","Success","2026-03-28 20:59:26"
"takudzwa.zimba442@micrlabs.onmicrosoft.com","Success","2026-03-28 20:59:26"
"simba.gumbo443@micrlabs.onmicrosoft.com","Success","2026-03-28 20:59:27"
"bongani.mpofu444@micrlabs.onmicrosoft.com","Success","2026-03-28 20:59:27"
"chiedza.ncube445@micrlabs.onmicrosoft.com","Success","2026-03-28 20:59:28"
"lungelo.sithole446@micrlabs.onmicrosoft.com","Success","2026-03-28 20:59:29"
"bongani.nkomo447@micrlabs.onmicrosoft.com","Success","2026-03-28 20:59:29"
"nomvula.banda448@micrlabs.onmicrosoft.com","Success","2026-03-28 20:59:30"
"lungelo.sithole449@micrlabs.onmicrosoft.com","Success","2026-03-28 20:59:30"
"nyasha.zimba450@micrlabs.onmicrosoft.com","Success","2026-03-28 20:59:31"
"chiedza.tembo451@micrlabs.onmicrosoft.com","Success","2026-03-28 20:59:32"
"nkosi.dube452@micrlabs.onmicrosoft.com","Success","2026-03-28 20:59:32"
"sibusiso.tembo453@micrlabs.onmicrosoft.com","Success","2026-03-28 20:59:33"
"zanele.phiri454@micrlabs.onmicrosoft.com","Success","2026-03-28 20:59:33"
"rudo.mutasa455@micrlabs.onmicrosoft.com","Success","2026-03-28 20:59:34"
"nomvula.mhlanga456@micrlabs.onmicrosoft.com","Success","2026-03-28 20:59:34"
"bongani.mutasa457@micrlabs.onmicrosoft.com","Success","2026-03-28 20:59:35"
"sifiso.dube458@micrlabs.onmicrosoft.com","Success","2026-03-28 20:59:36"
"farai.zimba459@micrlabs.onmicrosoft.com","Success","2026-03-28 20:59:36"
"rudo.sithole460@micrlabs.onmicrosoft.com","Success","2026-03-28 20:59:37"
"farai.phiri461@micrlabs.onmicrosoft.com","Success","2026-03-28 20:59:37"
"nomvula.tembo462@micrlabs.onmicrosoft.com","Success","2026-03-28 20:59:38"
"nompilo.phiri463@micrlabs.onmicrosoft.com","Success","2026-03-28 20:59:39"
"takudzwa.chikwanda464@micrlabs.onmicrosoft.com","Success","2026-03-28 20:59:39"
"tatenda.phiri465@micrlabs.onmicrosoft.com","Success","2026-03-28 20:59:40"
"bongani.chikwanda466@micrlabs.onmicrosoft.com","Success","2026-03-28 20:59:40"
"bongani.mhlanga467@micrlabs.onmicrosoft.com","Success","2026-03-28 20:59:41"
"takudzwa.moyo468@micrlabs.onmicrosoft.com","Success","2026-03-28 20:59:42"
"tinashe.ncube469@micrlabs.onmicrosoft.com","Success","2026-03-28 20:59:42"
"nkosi.mutasa470@micrlabs.onmicrosoft.com","Success","2026-03-28 20:59:43"
"tinashe.gumbo471@micrlabs.onmicrosoft.com","Success","2026-03-28 20:59:43"
"bongani.tembo472@micrlabs.onmicrosoft.com","Success","2026-03-28 20:59:44"
"thandi.gumbo473@micrlabs.onmicrosoft.com","Success","2026-03-28 20:59:44"
"nkosi.mhlanga474@micrlabs.onmicrosoft.com","Success","2026-03-28 20:59:45"
"munyaradzi.nkomo475@micrlabs.onmicrosoft.com","Success","2026-03-28 20:59:46"
"farai.banda476@micrlabs.onmicrosoft.com","Success","2026-03-28 20:59:46"
"nyasha.mpofu477@micrlabs.onmicrosoft.com","Success","2026-03-28 20:59:47"
"kudzai.zimba478@micrlabs.onmicrosoft.com","Success","2026-03-28 20:59:47"
"tsitsi.dube479@micrlabs.onmicrosoft.com","Success","2026-03-28 20:59:48"
"zanele.mutasa480@micrlabs.onmicrosoft.com","Success","2026-03-28 20:59:49"
"takudzwa.tembo481@micrlabs.onmicrosoft.com","Success","2026-03-28 20:59:49"
"lungelo.zimba482@micrlabs.onmicrosoft.com","Success","2026-03-28 20:59:50"
"tinashe.ncube483@micrlabs.onmicrosoft.com","Success","2026-03-28 20:59:51"
"takudzwa.mpofu484@micrlabs.onmicrosoft.com","Success","2026-03-28 20:59:51"
"nkosi.mutasa485@micrlabs.onmicrosoft.com","Success","2026-03-28 20:59:52"
"kudzai.ncube486@micrlabs.onmicrosoft.com","Success","2026-03-28 20:59:52"
"tinashe.phiri487@micrlabs.onmicrosoft.com","Success","2026-03-28 20:59:53"
"sifiso.gumbo488@micrlabs.onmicrosoft.com","Success","2026-03-28 20:59:54"
"lungelo.phiri489@micrlabs.onmicrosoft.com","Success","2026-03-28 20:59:54"
"munyaradzi.nkomo490@micrlabs.onmicrosoft.com","Success","2026-03-28 20:59:55"
"nkosi.phiri491@micrlabs.onmicrosoft.com","Success","2026-03-28 20:59:56"
"chiedza.moyo492@micrlabs.onmicrosoft.com","Success","2026-03-28 20:59:56"
"bongani.tembo493@micrlabs.onmicrosoft.com","Success","2026-03-28 20:59:57"
"nkosi.tembo494@micrlabs.onmicrosoft.com","Success","2026-03-28 20:59:58"
"tinashe.tembo495@micrlabs.onmicrosoft.com","Success","2026-03-28 20:59:58"
"takudzwa.phiri496@micrlabs.onmicrosoft.com","Success","2026-03-28 20:59:59"
"munyaradzi.chikwanda497@micrlabs.onmicrosoft.com","Success","2026-03-28 21:00:00"
"sibusiso.zimba498@micrlabs.onmicrosoft.com","Success","2026-03-28 21:00:00"
"simba.sithole499@micrlabs.onmicrosoft.com","Success","2026-03-28 21:00:01"
"tendai.zimba500@micrlabs.onmicrosoft.com","Success","2026-03-28 21:00:01"
